City,Cloudiness,Country,Date,Humidity (%),Latitude,Longitude,Max Temperature,Wind Speed (MPH)
Rikitea,24,PF,1584150051,74,-23.12,-23.12,77.11,12.35
Nguruka,100,TZ,1584150051,97,-5.11,-5.11,63.72,2.42
Lavrentiya,100,RU,1584150052,95,65.58,65.58,29.97,20.45
George Town,20,MY,1584150052,83,5.41,5.41,86.0,3.36
Kholtoson,0,RU,1584150052,61,50.3,50.3,26.24,3.02
Euclides da Cunha,90,BR,1584150000,81,-10.51,-10.51,71.47,6.76
Hasaki,75,JP,1584150052,87,35.73,35.73,42.8,14.99
Punta Arenas,57,CL,1584150052,61,-53.15,-53.15,50.0,12.75
Lagoa Vermelha,37,BR,1584150053,58,-28.21,-28.21,71.17,9.42
Deputatsky,0,RU,1584150053,76,69.3,69.3,-14.48,1.63
Qaanaaq,1,GL,1584150053,56,77.48,77.48,-21.69,5.86
‘Āhuimanu,90,US,1584150053,65,21.44,21.44,80.6,9.17
Cabo San Lucas,40,MX,1584149832,68,22.89,22.89,75.2,16.11
Ushuaia,68,AR,1584149883,93,-54.8,-54.8,46.4,3.36
Kapaa,90,US,1584149986,78,22.08,22.08,78.8,5.82
Albany,75,US,1584149894,64,42.6,42.6,43.0,12.75
Bilibino,100,RU,1584150054,90,68.05,68.05,-13.07,14.65
Castro,97,BR,1584150054,76,-24.79,-24.79,60.6,3.89
Pevek,100,RU,1584150054,93,69.7,69.7,-3.95,8.1
Bahía Solano,100,CO,1584150054,83,6.23,6.23,77.54,5.32
Barrow,90,US,1584150054,85,71.29,71.29,24.8,31.09
Mar del Plata,0,AR,1584150055,77,-38.0,-38.0,75.0,10.29
Chokurdakh,100,RU,1584150055,96,70.63,70.63,-15.59,9.22
Pisco,46,PE,1584149813,83,-13.7,-13.7,73.4,20.8
Zaria,6,NG,1584150055,20,11.11,11.11,64.06,9.57
Tefé,84,BR,1584150055,80,-3.35,-3.35,78.57,2.01
Sulangan,22,PH,1584150055,74,11.14,11.14,80.82,8.7
Jamestown,1,US,1584149756,51,42.1,42.1,39.99,14.99
Muros,33,ES,1584150055,100,42.78,42.78,50.0,1.12
Mataura,0,NZ,1584150056,57,-46.19,-46.19,66.99,3.0
Port Elizabeth,90,ZA,1584150003,100,-33.92,-33.92,64.4,12.75
Priargunsk,0,RU,1584150056,73,50.37,50.37,19.92,9.73
Longyearbyen,40,SJ,1584150051,63,78.22,78.22,-5.8,19.46
Along,20,IN,1584150056,52,28.17,28.17,72.88,2.33
Chumikan,100,RU,1584150056,72,54.72,54.72,14.25,8.12
Saint-Philippe,90,RE,1584150056,94,-21.36,-21.36,78.8,18.34
Fortuna,90,US,1584149939,100,40.6,40.6,50.0,9.17
Port Alfred,1,ZA,1584150057,97,-33.59,-33.59,64.99,1.01
Atuona,34,PF,1584150057,67,-9.8,-9.8,82.8,9.15
Tiksi,0,RU,1584150057,82,71.69,71.69,-15.86,4.47
Mwanza,100,TZ,1584150057,89,-2.52,-2.52,66.04,6.87
Namie,75,JP,1584150057,100,37.48,37.48,42.01,2.24
Ancud,6,CL,1584150057,93,-41.87,-41.87,50.0,2.24
Hilo,90,US,1584150057,74,19.73,19.73,78.8,10.29
Nkowakowa,0,ZA,1584150058,72,-23.89,-23.89,60.8,4.7
Quatre Cocos,40,MU,1584150058,100,-20.21,-20.21,75.99,13.51
Banjar,40,ID,1584150058,88,-8.19,-8.19,82.4,5.82
Arraial do Cabo,20,BR,1584150058,94,-22.97,-22.97,75.2,4.7
Carnarvon,90,AU,1584150058,88,-24.87,-24.87,80.6,13.87
College,1,US,1584150058,57,64.86,64.86,26.01,2.75
Lebu,0,CL,1584150058,94,-37.62,-37.62,49.59,3.98
Saskylakh,33,RU,1584150058,90,71.92,71.92,-15.9,19.19
Baracoa,17,CU,1584150058,81,20.35,20.35,77.18,13.09
Necochea,98,AR,1584150059,71,-38.55,-38.55,75.0,15.01
Mount Gambier,90,AU,1584150059,55,-37.83,-37.83,62.6,17.22
Busselton,100,AU,1584150059,33,-33.65,-33.65,81.0,3.56
Hobart,75,AU,1584149862,50,-42.88,-42.88,59.0,13.87
Heihe,40,CN,1584150059,72,50.24,50.24,12.2,2.24
Camacha,40,PT,1584150059,63,33.08,33.08,60.8,11.41
Narsaq,95,GL,1584150059,67,60.92,60.92,21.2,4.7
Palauig,100,PH,1584150060,61,15.44,15.44,83.48,8.25
Hermanus,0,ZA,1584150060,94,-34.42,-34.42,60.01,1.01
Cockburn Town,15,TC,1584149769,80,21.46,21.46,76.89,20.0
Bentiu,9,SS,1584150060,27,9.23,9.23,75.94,2.3
Botwood,75,CA,1584150060,61,49.15,49.15,21.99,8.05
Charters Towers,2,AU,1584150060,41,-20.1,-20.1,83.14,15.35
Cravo Norte,92,CO,1584150060,47,6.3,6.3,85.42,6.15
High Rock,0,BS,1584150060,84,26.62,26.62,73.56,15.86
Baykit,100,RU,1584150061,88,61.67,61.67,31.64,8.63
Aksarka,100,RU,1584150061,98,66.56,66.56,31.73,10.63
Nikolskoye,40,RU,1584150061,63,59.7,59.7,26.6,15.66
Batagay-Alyta,0,RU,1584150061,72,67.8,67.8,-11.88,5.21
Ribeira Grande,64,PT,1584150061,78,38.52,38.52,56.14,4.56
Martapura,100,ID,1584150061,60,-3.42,-3.42,88.54,2.57
Atlantic City,1,US,1584150061,21,39.36,39.36,62.6,13.87
Arlit,0,NE,1584150062,18,18.74,18.74,61.84,5.73
New Norfolk,75,AU,1584150062,50,-42.78,-42.78,59.0,13.87
Batetskiy,100,RU,1584150062,66,58.65,58.65,28.71,8.46
Anjozorobe,20,MG,1584150062,72,-18.4,-18.4,62.6,4.7
Rosario,0,AR,1584150062,69,-32.95,-32.95,88.0,5.82
Kiryat Gat,40,IL,1584150062,87,31.61,31.61,59.0,18.34
Khasan,28,RU,1584150063,34,42.43,42.43,38.25,4.32
Erzin,75,TR,1584150063,100,36.96,36.96,60.8,8.05
Faanui,100,PF,1584150063,77,-16.48,-16.48,83.07,14.5
Merauke,97,ID,1584149875,57,-8.47,-8.47,89.13,10.22
Hamilton,1,US,1584150063,52,39.18,39.18,46.99,4.21
Souillac,40,MU,1584150063,100,-20.52,-20.52,75.99,7.72
Ravanusa,98,IT,1584150063,81,37.27,37.27,57.0,4.7
Tashtyp,100,RU,1584150063,96,52.79,52.79,28.35,5.23
Haines Junction,49,CA,1584150064,74,60.75,60.75,5.47,1.66
Torbay,5,CA,1584150064,67,47.67,47.67,23.0,5.82
Mwinilunga,100,ZM,1584150064,98,-11.74,-11.74,64.51,3.78
Mahébourg,40,MU,1584150064,100,-20.41,-20.41,75.99,7.72
Nanortalik,100,GL,1584150064,71,60.14,60.14,23.27,12.55
Bluff,23,NZ,1584150064,57,-46.6,-46.6,66.99,3.0
Ojinaga,1,MX,1584150064,36,29.57,29.57,75.2,7.63
Yumen,1,CN,1584150064,32,40.28,40.28,36.01,12.64
Bowmore,40,US,1584150065,88,34.94,34.94,70.0,3.36
Ngunguru,0,NZ,1584150065,69,-35.62,-35.62,71.01,10.0
Bandarbeyla,85,SO,1584150065,80,9.49,9.49,78.69,16.84
Sharan,51,RU,1584150065,84,54.82,54.82,34.07,19.06
Lazeshchyna,0,UA,1584150065,90,48.27,48.27,30.81,4.43
Alta Floresta,100,BR,1584150065,97,-9.88,-9.88,72.9,6.93
Khatanga,100,RU,1584150065,84,71.97,71.97,3.15,17.02
Bethel,1,US,1584150065,25,41.37,41.37,61.0,11.41
Udachny,0,RU,1584150066,75,66.42,66.42,-14.8,6.71
Avarua,8,CK,1584150066,70,-21.21,-21.21,86.0,4.7
Mayya,100,RU,1584150066,70,61.73,61.73,-5.8,2.24
Puerto Ayora,53,EC,1584150066,81,-0.74,-0.74,80.01,10.0
Hirado,0,JP,1584150066,61,33.36,33.36,53.6,18.34
Norman Wells,75,CA,1584150066,84,65.28,65.28,6.8,5.82
Saint George,90,US,1584149826,87,37.1,37.1,50.0,5.82
Grand Bend,1,CA,1584149772,55,43.32,43.32,37.4,8.05
Sand Springs,90,US,1584150067,61,36.14,36.14,50.0,18.34
Hithadhoo,20,MV,1584150067,58,-0.6,-0.6,83.64,7.29
Saint Paul Harbor,1,US,1584150067,59,57.79,57.79,37.4,5.82
Severo-Kuril'sk,82,RU,1584150067,91,50.68,50.68,22.39,30.51
Butaritari,100,KI,1584150067,71,3.07,3.07,83.89,10.25
Gīdam,0,IN,1584150067,46,18.98,18.98,80.8,1.72
Kabo,9,CF,1584150067,14,7.7,7.7,68.02,3.87
Manono,100,CD,1584150068,98,-7.3,-7.3,67.37,1.23
Laguna,1,US,1584150068,67,38.42,38.42,63.0,16.11
Cape Town,90,ZA,1584150009,93,-33.93,-33.93,63.0,5.82
Zabid,7,YE,1584150068,64,14.2,14.2,75.78,5.39
Coruripe,87,BR,1584150068,73,-10.13,-10.13,80.46,8.7
Provideniya,100,RU,1584150068,97,64.38,64.38,28.09,17.56
Leeton,87,AU,1584150068,42,-34.57,-34.57,68.0,13.87
Salalah,23,OM,1584150069,60,17.02,17.02,73.4,3.36
Yantal',94,RU,1584150069,95,56.85,56.85,29.46,4.32
Lata,40,PT,1584150069,93,40.16,40.16,55.0,2.24
Ostrovnoy,100,RU,1584150069,90,68.05,68.05,21.4,22.79
Comodoro Rivadavia,75,AR,1584150069,37,-45.87,-45.87,66.2,21.92
Trelew,80,AR,1584150069,46,-43.25,-43.25,59.77,37.31
Dehlorān,100,IR,1584150069,26,32.69,32.69,67.08,6.67
Clyde River,40,CA,1584150069,68,70.47,70.47,-14.8,14.99
Huilong,67,CN,1584150070,69,31.81,31.81,48.99,1.99
Dikson,100,RU,1584150070,96,73.51,73.51,31.8,20.6
Tasiilaq,100,GL,1584150070,71,65.61,65.61,6.8,4.7
Almaznyy,100,RU,1584150070,81,48.04,48.04,42.8,8.95
Kholodnyy,85,RU,1584150070,84,62.72,62.72,-8.54,7.16
Asău,75,RO,1584150070,87,46.43,46.43,44.6,5.82
Saint-Augustin,100,CA,1584150071,85,51.23,51.23,17.22,21.34
Shitanjing,0,CN,1584150071,17,39.23,39.23,39.7,2.91
Salina,90,US,1584149775,48,38.84,38.84,42.8,9.17
Kudahuvadhoo,70,MV,1584150071,76,2.67,2.67,83.08,10.78
Codrington,80,AU,1584150071,67,-38.27,-38.27,56.73,17.2
Zirgan,90,RU,1584150071,87,53.22,53.22,34.39,12.68
Vardø,100,NO,1584150071,75,70.37,70.37,22.32,26.69
St. George's,20,GD,1584150035,78,12.06,12.06,78.8,11.41
Iqaluit,5,CA,1584150072,61,63.75,63.75,-22.0,14.99
Adrar,0,MR,1584150072,13,20.5,20.5,63.91,4.7
Lalín,13,ES,1584150072,100,42.72,42.72,46.0,3.36
Duki,0,PK,1584150072,44,30.15,30.15,54.25,2.46
Caravelas,99,BR,1584150072,77,-17.71,-17.71,80.31,6.62
Benjamin Constant,75,BR,1584150072,100,-4.38,-4.38,77.0,3.36
Bathsheba,40,BB,1584150072,83,13.22,13.22,77.0,18.34
Auki,84,SB,1584150072,79,-8.77,-8.77,84.49,17.65
Te Anau,100,NZ,1584150072,62,-45.42,-45.42,59.54,4.99
Bredasdorp,8,ZA,1584150073,91,-34.53,-34.53,61.18,2.44
Olafsvik,100,IS,1584150073,75,64.89,64.89,27.39,28.43
Fort Morgan,90,US,1584150073,92,40.25,40.25,30.99,17.22
Hobyo,92,SO,1584150073,82,5.35,5.35,78.84,12.21
Airai,12,TL,1584150073,45,-8.93,-8.93,82.4,7.11
Redmond,90,US,1584149801,93,47.67,47.67,39.2,10.29
Biak,100,ID,1584150073,66,-0.91,-0.91,84.16,1.52
Fort Nelson,20,CA,1584150073,36,58.81,58.81,12.2,4.7
Esperance,90,AU,1584150074,93,-33.87,-33.87,64.4,10.29
Cortes,30,ES,1584150074,81,41.94,41.94,48.2,5.82
Mossamedes,100,AO,1584150074,73,-15.2,-15.2,75.07,5.59
Shaunavon,100,CA,1584150074,72,49.65,49.65,9.7,16.91
San Policarpo,42,PH,1584150074,68,12.18,12.18,82.11,9.75
Kaeo,0,NZ,1584150074,69,-35.1,-35.1,71.01,10.0
Chui,0,UY,1584150074,82,-33.7,-33.7,70.81,11.74
Lagoa,40,PT,1584150075,71,39.05,39.05,60.04,6.98
Broome,1,US,1584150075,44,42.25,42.25,39.2,12.75
Krasnaya Gora,75,RU,1584150075,80,53.0,53.0,35.6,11.18
Badarpur,100,IN,1584150075,35,24.9,24.9,85.8,1.79
San Cristobal,75,VE,1584150075,69,7.77,7.77,80.6,4.7
Thompson,75,CA,1584149847,45,55.74,55.74,3.2,9.17
San Patricio,40,MX,1584150075,83,19.22,19.22,80.6,5.82
Batagay,100,RU,1584150075,84,67.63,67.63,-14.33,1.41
Samarai,100,PG,1584150076,59,-10.62,-10.62,87.58,7.18
Verāval,0,IN,1584150076,25,20.9,20.9,71.62,15.57
Smithers,20,CA,1584150076,22,54.78,54.78,21.2,16.11
Tuktoyaktuk,90,CA,1584150076,85,69.45,69.45,21.2,28.86
Paita,74,PE,1584150076,66,-5.09,-5.09,80.01,7.58
Shreveport,90,US,1584150076,87,32.53,32.53,64.99,12.75
Ponta do Sol,40,PT,1584150076,63,32.67,32.67,60.8,19.46
Vanavara,100,RU,1584150076,95,60.34,60.34,27.81,5.73
Synya,100,RU,1584150077,98,65.37,65.37,29.37,3.91
Nantucket,75,US,1584150077,100,41.28,41.28,50.0,8.05
Kita,0,ML,1584150077,11,13.03,13.03,71.58,3.58
Dingle,62,PH,1584150077,64,11.0,11.0,84.49,9.78
Mahon,100,ES,1584150077,76,39.89,39.89,55.4,16.11
Connersville,1,US,1584149850,52,39.64,39.64,45.0,6.22
Cedar City,90,US,1584149820,86,37.68,37.68,39.2,18.34
Marabu,75,MY,1584149915,89,4.41,4.41,84.2,2.26
Villazón,100,BO,1584150078,71,-22.09,-22.09,54.75,9.53
Grindavik,75,IS,1584150078,79,63.84,63.84,28.4,14.99
Honiara,75,SB,1584150078,70,-9.43,-9.43,87.8,4.7
Kavaratti,28,IN,1584150078,81,10.57,10.57,80.67,15.64
Nazrēt,96,ET,1584150078,69,8.55,8.55,67.98,2.53
Nadym,100,RU,1584150078,98,65.53,65.53,33.28,22.15
Magadan,100,RU,1584150078,57,59.57,59.57,15.22,25.77
Vostok,99,RU,1584150079,84,46.49,46.49,20.01,8.16
Camabatela,90,AO,1584150079,98,-8.19,-8.19,65.25,2.3
Jalu,0,LY,1584150079,88,29.03,29.03,54.19,9.8
Zapadnaya Dvina,99,RU,1584150079,93,56.26,56.26,33.93,9.31
Boa Vista,20,BR,1584149913,52,2.82,2.82,87.8,12.75
Tyler,20,US,1584149880,88,32.35,32.35,71.6,13.87
Tabou,35,CI,1584150079,95,4.42,4.42,76.95,2.84
Vaini,75,TO,1584150079,88,-21.2,-21.2,80.6,14.99
Milanówek,75,PL,1584150079,80,52.12,52.12,43.0,13.87
Mae Sai,44,TH,1584150080,88,20.43,20.43,66.2,0.72
Arona,40,ES,1584150080,82,28.1,28.1,64.99,9.17
Cairns,79,AU,1584150017,48,-16.92,-16.92,91.0,10.29
Liuzhou,99,CN,1584150080,66,24.31,24.31,60.84,12.3
Port Hardy,20,CA,1584150080,35,50.7,50.7,41.0,21.92
Slave Lake,1,CA,1584150080,64,55.28,55.28,-2.2,10.29
Ngaoundéré,10,CM,1584150080,17,7.32,7.32,61.99,3.69
Aklavik,75,CA,1584150081,63,68.22,68.22,26.6,9.17
Kainantu,100,PG,1584150081,62,-6.29,-6.29,75.06,3.06
Marawi,91,PH,1584150081,78,8.0,8.0,80.01,5.01
Khorinsk,70,RU,1584150081,71,52.17,52.17,29.64,12.57
Ereymentau,81,KZ,1584150081,76,51.62,51.62,21.63,18.48
Koster,22,ZA,1584150081,86,-25.86,-25.86,55.45,6.17
Skegness,63,GB,1584150081,86,53.14,53.14,42.8,10.29
Alice Springs,0,AU,1584150027,28,-23.7,-23.7,86.0,9.17
Murmino,9,RU,1584150082,75,54.6,54.6,35.01,5.99
San Vicente,0,AR,1584150082,70,-26.62,-26.62,72.57,2.35
Fairlie,100,GB,1584150082,80,55.76,55.76,39.2,11.41
Geraldton,90,AU,1584150082,51,-28.77,-28.77,86.0,20.8
Katsuura,75,JP,1584150082,87,35.13,35.13,46.4,19.46
Cidreira,0,BR,1584150082,89,-30.18,-30.18,75.36,15.64
Neustadt an der Waldnaab,1,DE,1584150082,86,49.71,49.71,36.0,4.7
Tyukhtet,100,RU,1584150082,87,56.54,56.54,27.57,7.25
Prince Rupert,1,CA,1584150083,31,54.32,54.32,33.8,13.87
Saldanha,51,ZA,1584150083,82,-33.01,-33.01,62.6,3.36
Beidao,33,CN,1584150083,27,34.57,34.57,47.7,2.46
Kruisfontein,4,ZA,1584150083,94,-34.0,-34.0,63.21,5.28
Dahegām,0,IN,1584150083,39,23.17,23.17,62.6,5.82
Tsimmerbude,75,RU,1584150083,86,54.67,54.67,33.8,31.32
East London,8,ZA,1584150083,86,-33.02,-33.02,72.03,15.93
Moultrie,1,US,1584150083,82,31.18,31.18,71.6,0.6
Mareeba,71,AU,1584150084,48,-17.0,-17.0,91.0,10.29
Buchanan,75,LR,1584150084,94,5.88,5.88,80.6,2.3
Luzhou,0,CN,1584149879,49,28.87,28.87,66.16,2.66
Mayor Pablo Lagerenza,3,PY,1584150084,51,-19.93,-19.93,85.21,8.61
Champerico,20,GT,1584150084,72,14.3,14.3,78.71,4.36
Kungurtug,0,RU,1584150084,73,50.6,50.6,25.56,1.86
Teya,100,RU,1584150084,87,60.38,60.38,28.65,7.78
Lodwar,100,KE,1584150085,35,3.12,3.12,87.93,1.72
Port Macquarie,75,AU,1584150085,57,-31.43,-31.43,78.01,5.82
Kirakira,100,SB,1584150085,73,-10.45,-10.45,83.23,9.55
Zhigansk,97,RU,1584150085,93,66.77,66.77,-9.08,1.79
Vao,100,NC,1584150085,89,-22.67,-22.67,78.58,11.3
Opunake,0,NZ,1584150085,63,-39.46,-39.46,73.99,4.0
Birjand,50,IR,1584150085,25,32.87,32.87,37.4,4.7
Puno,75,PE,1584149930,66,-15.83,-15.83,51.8,1.12
Bambous Virieux,40,MU,1584150086,100,-20.34,-20.34,75.99,11.77
Kemerovo,100,RU,1584150086,72,55.33,55.33,17.6,6.71
Forestville,40,US,1584150086,15,38.85,38.85,62.6,13.87
Persianovskiy,62,RU,1584150086,81,47.51,47.51,43.0,8.95
Puerto Escondido,40,MX,1584150086,78,15.85,15.85,82.4,8.05
Fairbanks,1,US,1584149998,57,64.84,64.84,26.01,1.99
Wilmington,1,US,1584149890,82,34.23,34.23,68.0,8.05
Hong Kong,20,HK,1584149911,72,22.29,22.29,71.01,8.05
Aldergrove,90,CA,1584150087,41,49.06,49.06,43.0,11.41
Killybegs,89,IE,1584150087,92,54.63,54.63,42.01,3.0
Varna,0,BG,1584150087,81,43.22,43.22,46.0,4.7
Mangai,100,CD,1584150087,97,-4.05,-4.05,68.97,1.03
Aksu,0,CN,1584150087,20,41.12,41.12,43.11,4.65
Cayenne,20,GF,1584150087,78,4.93,4.93,80.6,8.05
Fredericksburg,1,US,1584150036,29,38.3,38.3,68.0,4.7
Berlevåg,100,NO,1584150088,74,70.86,70.86,20.86,25.9
Tamworth,75,GB,1584150088,93,52.63,52.63,43.0,9.17
Gualeguay,0,AR,1584150088,40,-33.14,-33.14,82.15,6.64
Solnechnyy,100,RU,1584150088,86,50.72,50.72,12.43,4.21
Vila Velha,75,BR,1584150088,94,-20.33,-20.33,75.2,4.7
Pingyin,0,CN,1584150088,49,36.28,36.28,51.01,1.01
Saint John,75,CA,1584150088,100,45.27,45.27,43.0,14.99
Sur,100,OM,1584150089,27,22.57,22.57,66.42,2.1
Lüderitz,0,NA,1584150089,82,-26.65,-26.65,66.2,11.41
Jijiga,73,ET,1584150089,65,9.35,9.35,63.1,9.31
Talnakh,75,RU,1584150089,100,69.49,69.49,30.2,20.13
Ust-Nera,100,RU,1584150089,82,64.57,64.57,-11.7,4.43
Kaitangata,0,NZ,1584150089,84,-46.28,-46.28,54.99,8.75
Keetmanshoop,0,NA,1584150089,45,-26.58,-26.58,68.0,6.93
Choix,100,MX,1584150089,43,26.71,26.71,74.39,4.47
Sioux Lookout,90,CA,1584150090,66,50.1,50.1,14.0,11.41
Yangi Marg`ilon,90,UZ,1584150090,75,40.43,40.43,44.6,4.7
Port Lincoln,62,AU,1584150090,62,-34.73,-34.73,62.31,16.98
Miramar,1,US,1584150090,73,25.99,25.99,77.0,10.29
Laas,83,IT,1584150090,85,46.62,46.62,42.01,1.12
Touros,40,BR,1584150090,94,-5.2,-5.2,75.2,1.12
Belmonte,75,BR,1584150091,88,-15.86,-15.86,77.0,2.24
Bay Roberts,5,CA,1584150091,67,47.6,47.6,23.0,5.82
São Filipe,100,CV,1584150091,57,14.9,14.9,75.06,12.8
Leningradskiy,12,RU,1584150091,94,69.38,69.38,-0.58,5.88
Pangnirtung,100,CA,1584150091,100,66.15,66.15,-29.04,1.45
Hearst,100,CA,1584150091,90,49.68,49.68,20.26,14.79
Abadiânia,100,BR,1584150091,95,-16.2,-16.2,65.79,2.86
Barcelos,0,PT,1584150092,87,41.54,41.54,52.0,3.65
Conceição do Araguaia,95,BR,1584150092,94,-8.26,-8.26,73.9,1.5
Inhambane,100,MZ,1584150092,81,-23.86,-23.86,77.86,4.92
Cruzília,7,BR,1584150092,94,-21.84,-21.84,61.75,1.83
Riyadh,75,SA,1584149843,19,24.69,24.69,75.2,10.29
Kahuta,40,PK,1584150092,100,33.59,33.59,54.0,6.93
Kupang,20,ID,1584150092,79,-10.17,-10.17,86.0,3.36
Mezen',78,RU,1584150092,93,65.85,65.85,22.93,8.61
La Santisima Trinidad,62,BO,1584150093,70,-14.83,-14.83,81.27,2.91
Tessalit,0,ML,1584150093,16,20.2,20.2,69.08,11.83
Bud,1,US,1584150093,52,39.45,39.45,44.01,4.76
Egvekinot,100,RU,1584150093,76,66.32,66.32,10.04,7.2
Tura,100,IN,1584150093,39,25.52,25.52,82.69,4.09
Zyryanka,100,RU,1584150093,71,65.75,65.75,-6.11,3.49
Lanzhou,0,CN,1584150093,50,36.06,36.06,42.01,4.47
Siniscola,100,IT,1584150093,64,40.57,40.57,52.09,4.7
Saint-Lô,96,FR,1584150094,87,49.12,49.12,45.0,8.05
Shibetsu,20,JP,1584150094,35,43.66,43.66,32.0,4.7
Avera,90,US,1584150094,77,33.19,33.19,73.4,3.36
Kuzovatovo,67,RU,1584150094,87,53.55,53.55,31.95,7.38
Maracaju,47,BR,1584150094,82,-21.61,-21.61,73.94,5.64
Hofn,6,IS,1584150094,63,64.25,64.25,33.69,14.76
Heimberg,90,CH,1584150094,80,46.79,46.79,42.8,2.24
Naze,75,JP,1584150094,87,28.37,28.37,64.4,17.22
Presidente Médici,100,BR,1584150094,91,-11.18,-11.18,75.74,2.04
Bengkulu,100,ID,1584150095,59,-3.8,-3.8,87.53,3.0
San Francisco,90,US,1584149838,66,37.77,37.77,59.0,13.87
Upernavik,100,GL,1584150095,97,72.79,72.79,-11.34,3.89
La Argentina,62,CO,1584150095,94,2.2,2.2,60.67,3.15
Alugan,42,PH,1584150095,68,12.22,12.22,82.11,9.75
Yellowknife,5,CA,1584149797,52,62.46,62.46,-7.6,4.7
Omsukchan,67,RU,1584150095,90,62.53,62.53,-11.81,7.63
Timon,90,BR,1584150095,94,-5.09,-5.09,77.0,4.7
Gizo Government Station,43,SB,1584150096,73,-8.1,-8.1,84.27,14.9
Amberley,1,US,1584150096,42,39.2,39.2,46.4,4.21
Ahipara,78,NZ,1584150096,69,-35.17,-35.17,69.24,6.89
Toktogul,100,KG,1584150096,54,41.87,41.87,24.37,1.79
Dunmore Town,0,BS,1584150096,86,25.5,25.5,73.45,13.98
Ambilobe,100,MG,1584150096,90,-13.2,-13.2,78.39,10.18
Varadero,40,CU,1584150096,83,23.15,23.15,75.2,10.29
Arês,40,BR,1584150096,94,-6.19,-6.19,75.2,1.12
Luocheng,100,CN,1584150097,35,29.38,29.38,62.01,1.99
Chingola,100,ZM,1584150097,98,-12.53,-12.53,62.96,2.55
Beringovskiy,100,RU,1584150097,91,63.05,63.05,21.52,14.34
Jimeta,71,NG,1584150097,23,9.28,9.28,67.91,4.5
Lodja,99,CD,1584150097,99,-3.48,-3.48,66.94,1.9
Normandin,75,CA,1584150097,74,48.83,48.83,37.4,18.34
Vilnius,75,LT,1584150001,84,54.69,54.69,35.01,11.41
Constantine,100,DZ,1584150079,93,36.37,36.37,46.4,3.36
Susanville,1,US,1584150098,37,40.42,40.42,55.4,17.22
Husavik,90,IS,1584150098,92,66.04,66.04,24.8,23.04
Kropotkin,35,RU,1584150098,69,45.44,45.44,52.16,8.28
Aripuanã,100,BR,1584150098,97,-9.17,-9.17,74.79,1.16
Palafrugell,90,ES,1584150098,93,41.92,41.92,55.0,2.24
Rundu,88,NA,1584150098,73,-17.93,-17.93,69.8,9.17
Arkhara,100,RU,1584150098,88,49.42,49.42,18.18,4.52
Roald,90,NO,1584150098,60,62.58,62.58,32.0,9.17
Linqiong,40,CN,1584150099,66,30.42,30.42,62.01,3.89
Le Port,90,RE,1584150099,88,-20.94,-20.94,78.8,10.29
Masterton,0,NZ,1584150099,41,-40.96,-40.96,78.01,4.0
Mehamn,100,NO,1584150099,81,71.04,71.04,15.6,17.47
Sagua la Grande,40,CU,1584150099,83,22.81,22.81,75.2,9.17
Isangel,40,VU,1584150099,63,-19.55,-19.55,91.4,9.17
Tonstad,0,NO,1584150099,79,58.66,58.66,30.99,3.36
Sambava,100,MG,1584150099,97,-14.27,-14.27,72.16,3.78
Khovd,100,MN,1584150100,46,48.01,48.01,19.85,3.13
Semporna,20,MY,1584150100,79,4.48,4.48,84.2,2.24
Springdale,90,US,1584150011,85,36.19,36.19,48.0,14.99
Vestmannaeyjar,4,IS,1584150100,77,63.44,63.44,25.65,18.25
High Level,5,CA,1584150100,41,58.52,58.52,3.2,4.7
Mishan,88,CN,1584150100,64,45.55,45.55,30.07,9.19
Itainópolis,100,BR,1584150100,93,-7.45,-7.45,72.01,3.29
Cherskiy,100,RU,1584150101,90,68.75,68.75,-9.85,10.6
Gniezno,24,PL,1584150101,74,52.53,52.53,35.01,13.87
Samaná,4,DO,1584150101,95,19.21,19.21,68.04,1.97
Maltahöhe,0,NA,1584150101,30,-24.83,-24.83,62.2,8.12
Ola,100,RU,1584150101,58,59.58,59.58,12.25,26.28
Constitución,28,CL,1584149819,81,-35.33,-35.33,57.22,6.96
Manokwari,50,ID,1584150101,88,-0.87,-0.87,78.44,7.49
Iralaya,2,HN,1584150101,74,15.0,15.0,79.9,13.44
Wanaka,0,NZ,1584150102,35,-44.7,-44.7,63.77,5.5
Batemans Bay,100,AU,1584149916,57,-35.72,-35.72,64.0,13.0
Rayevskaya,96,RU,1584150102,87,44.83,44.83,42.8,5.1
Grand-Santi,0,GF,1584150102,75,4.25,4.25,76.75,5.59
Meulaboh,0,ID,1584150102,77,4.14,4.14,81.91,3.85
Namatanai,0,PG,1584150102,77,-3.67,-3.67,83.86,12.35
São Félix do Xingu,93,BR,1584150102,96,-6.64,-6.64,72.45,0.63
Arica,100,CL,1584150102,73,-18.48,-18.48,73.4,3.36
Savinskiy,99,RU,1584150103,80,62.93,62.93,22.89,11.52
Balkanabat,100,TM,1584150103,45,39.51,39.51,56.59,14.25
Tuatapere,68,NZ,1584150103,57,-46.13,-46.13,66.99,3.0
Verkhoyansk,36,RU,1584150103,84,67.54,67.54,-15.02,4.03
Marsá Maţrūḩ,0,EG,1584150103,83,31.35,31.35,61.66,14.2
Portland,90,US,1584149918,75,45.52,45.52,42.01,8.05
Biu,0,NG,1584150103,14,10.61,10.61,69.49,13.82
Bemidji,1,US,1584150103,72,47.47,47.47,17.6,8.05
Severnoye,59,RU,1584150104,85,56.35,56.35,19.22,11.27
Kitimat,20,CA,1584150084,30,54.05,54.05,28.4,13.87
Atar,0,MR,1584150104,12,20.52,20.52,68.22,7.76
Fukuechō,20,JP,1584150104,58,32.69,32.69,51.8,18.34
Vanino,0,RU,1584150104,43,49.09,49.09,24.37,5.17
Saint Anthony,1,US,1584150104,58,45.02,45.02,30.99,8.05
Port Hedland,17,AU,1584150104,62,-20.32,-20.32,87.8,10.29
Traralgon,18,AU,1584150104,53,-38.18,-38.18,64.0,5.99
Ambon City,92,ID,1584150105,74,-3.7,-3.7,83.16,10.07
Kasongo,96,CD,1584150105,98,-4.45,-4.45,68.63,4.74
Lilongwe,100,MW,1584150105,93,-13.97,-13.97,64.87,1.45
Skibbereen,75,IE,1584150105,100,51.55,51.55,42.8,5.82
Bayan,0,CN,1584150105,88,46.08,46.08,26.37,8.34
Buala,100,SB,1584150105,75,-8.14,-8.14,83.73,13.24
Wanning,79,CN,1584150105,80,18.8,18.8,78.42,4.56
Grand Gaube,40,MU,1584150105,100,-20.01,-20.01,75.99,11.43
Kiama,90,AU,1584150106,93,-34.68,-34.68,59.0,9.17
Sinnamary,19,GF,1584150106,81,5.38,5.38,80.49,18.43
Lasem,78,ID,1584150106,76,-6.69,-6.69,82.53,4.14
Kstovo,75,RU,1584150106,74,56.15,56.15,37.99,8.95
Ouango,100,CF,1584150106,90,4.31,4.31,71.46,2.01
Poum,100,NC,1584150106,83,-20.23,-20.23,81.63,10.31
Magaria,0,NE,1584150106,29,13.0,13.0,62.13,9.26
Lere,0,NG,1584150106,25,10.39,10.39,61.81,5.99
Najrān,97,SA,1584150107,29,17.49,17.49,66.2,9.57
Umm Kaddadah,100,SD,1584150107,19,13.6,13.6,67.26,15.05
Hornepayne,100,CA,1584150107,92,49.21,49.21,19.44,10.89
Port Angeles,90,US,1584150107,60,48.12,48.12,42.01,10.29
Sotouboua,0,TG,1584150107,75,8.57,8.57,78.78,3.36
Uglegorskiy,95,RU,1584150107,83,48.24,48.24,44.83,7.92
Oddur,99,SO,1584150107,85,4.12,4.12,73.04,16.8
Alofi,100,NU,1584150107,77,-19.06,-19.06,82.76,12.06
Brewster,1,US,1584150108,25,41.4,41.4,61.0,11.41
Iporá,0,BR,1584150108,92,-16.44,-16.44,70.02,3.09
Sungai Raya,100,ID,1584150108,63,0.7,0.7,89.49,0.83
Bonthe,0,SL,1584150108,88,7.53,7.53,78.62,5.39
Kalat,2,PK,1584150108,41,29.02,29.02,41.2,3.76
Yar-Sale,100,RU,1584150108,98,66.83,66.83,31.78,14.52
Oranjemund,0,NA,1584150108,94,-28.55,-28.55,61.07,1.32
Santa Cruz de la Sierra,32,BO,1584150003,70,-17.8,-17.8,84.2,4.7
Klaksvík,100,FO,1584150109,93,62.23,62.23,39.2,19.46
Ilulissat,100,GL,1584149912,71,69.22,69.22,5.0,18.34
Nelson Bay,90,AU,1584150109,82,-32.72,-32.72,68.0,23.04
Havre-St-Pierre,90,CA,1584150109,85,50.23,50.23,17.6,16.11
Antofagasta,40,CL,1584150109,88,-23.65,-23.65,66.2,10.29
Vagay,100,RU,1584150109,94,57.94,57.94,35.06,12.57
Båtsfjord,96,NO,1584150110,94,70.63,70.63,12.07,18.16
Balaipungut,40,ID,1584150110,88,1.05,1.05,78.8,2.28
Bonavista,100,CA,1584150110,78,48.65,48.65,26.01,5.99
Mingguang,14,CN,1584150110,59,32.78,32.78,53.85,9.69
Rolla,75,US,1584150085,48,37.95,37.95,44.6,6.93
Nybro,0,SE,1584149910,92,56.74,56.74,30.99,11.41
Miami,20,US,1584149705,73,25.77,25.77,75.99,12.75
Mayo,40,US,1584150111,15,38.89,38.89,62.6,13.87
Champasak,40,LA,1584150111,55,14.75,14.75,86.0,6.93
Okhotsk,100,RU,1584150111,83,59.38,59.38,8.53,15.99
Black Forest,90,US,1584150111,86,39.01,39.01,34.0,12.75
Gamba,100,GA,1584150111,90,-2.65,-2.65,77.95,2.19
Caniço,40,PT,1584150111,63,32.63,32.63,60.8,19.46
Margate,100,GB,1584150111,87,51.38,51.38,46.4,5.82
Santana,75,BR,1584150112,100,-0.06,-0.06,78.8,10.29
Līsakovsk,100,KZ,1584150112,93,52.54,52.54,35.2,20.49
Kavieng,5,PG,1584150112,78,-2.57,-2.57,83.39,13.49
Rapid Valley,90,US,1584150112,92,44.06,44.06,30.99,13.87
Umluj,0,SA,1584150112,56,25.02,25.02,62.82,7.54
Liepāja,99,LV,1584150112,100,56.54,56.54,28.4,3.36
São José da Coroa Grande,100,BR,1584150112,72,-8.9,-8.9,81.91,9.82
At-Bashi,100,KG,1584150112,48,41.17,41.17,12.6,4.34
Savannah Bight,0,HN,1584150113,79,16.45,16.45,79.52,18.61
Jeremoabo,95,BR,1584150113,85,-10.07,-10.07,69.8,5.64
Guerrero Negro,1,MX,1584150113,71,27.98,27.98,62.67,10.07
Nālūt,82,LY,1584150113,30,30.33,30.33,54.19,6.44
Soyo,93,AO,1584150113,87,-6.13,-6.13,79.02,3.36
Letka,99,RU,1584150113,91,59.6,59.6,31.03,11.27
Kamaishi,75,JP,1584150113,59,39.27,39.27,37.4,4.7
Itaueira,100,BR,1584150113,93,-7.6,-7.6,72.59,2.33
Labuan,75,MY,1584150114,79,5.28,5.28,86.0,4.7
Anadyr,100,RU,1584150114,57,64.75,64.75,21.2,6.71
Lábrea,100,BR,1584150114,91,-7.26,-7.26,76.66,1.07
Keti Bandar,0,PK,1584150114,39,24.14,24.14,70.54,9.19
Kanniyākumāri,1,IN,1584150114,73,8.08,8.08,81.39,18.34
Grants,40,US,1584150114,86,35.15,35.15,37.4,6.93
Concarneau,86,FR,1584150114,93,47.88,47.88,51.01,13.87
Ţahţā,0,EG,1584150114,52,26.77,26.77,56.52,8.86
Monster,65,NL,1584150115,100,52.03,52.03,41.0,2.24
Puerto Madryn,1,AR,1584149998,35,-42.77,-42.77,62.51,32.46
Dunedin,0,NZ,1584150115,64,-45.87,-45.87,64.0,10.0
Rosarito,90,MX,1584150115,87,32.33,32.33,62.01,8.05
Salta,75,AR,1584149918,73,-24.79,-24.79,75.2,3.36
Tezu,60,IN,1584150115,28,27.92,27.92,79.48,2.8
Teknāf,0,BD,1584150115,32,20.86,20.86,91.15,1.61
Cherepovets,75,RU,1584150116,82,59.13,59.13,32.0,6.71
Sovetskaya Gavan',0,RU,1584150116,43,48.97,48.97,24.37,5.17
Sijunjung,48,ID,1584150116,76,-0.69,-0.69,81.84,1.7
Stonewall,20,CA,1584150116,66,50.13,50.13,10.4,11.41
Vikulovo,100,RU,1584150116,95,56.82,56.82,35.08,15.99
Taltal,100,CL,1584150116,85,-25.4,-25.4,61.27,2.46
Balbriggan,75,IE,1584150116,100,53.61,53.61,45.0,8.05
Lompoc,90,US,1584149977,71,34.64,34.64,57.2,5.82
Iquique,58,CL,1584150116,69,-20.22,-20.22,73.4,14.99
Crotone,86,IT,1584150117,73,39.09,39.09,54.9,1.57
Mapiripán,96,CO,1584150117,92,2.89,2.89,75.15,4.76
Tucuruí,98,BR,1584150117,93,-3.77,-3.77,74.88,2.86
Nong Phai,1,TH,1584150117,49,15.99,15.99,91.99,7.05
Ibrā’,87,OM,1584150117,25,22.69,22.69,65.34,4.18
Hare Bay,75,CA,1584150117,61,48.85,48.85,15.8,8.05
Takoradze,0,GH,1584150117,94,4.88,4.88,77.74,2.93
Kieta,91,PG,1584150117,80,-6.22,-6.22,83.98,17.4
Cam Ranh,20,VN,1584150118,74,11.92,11.92,84.2,3.36
Rawson,67,AR,1584150118,59,-43.3,-43.3,63.0,29.66
Chissamba,100,AO,1584150118,96,-12.17,-12.17,64.04,1.92
Solnice,75,CZ,1584150118,85,50.2,50.2,43.0,12.75
Santa Cruz de Barahona,23,DO,1584150118,74,18.21,18.21,79.14,10.65
Manicoré,90,BR,1584150118,90,-5.81,-5.81,76.08,1.21
Srednekolymsk,55,RU,1584150119,90,67.45,67.45,-13.61,12.08
Nome,90,US,1584150119,97,64.5,64.5,25.0,13.87
Kendari,86,ID,1584150119,66,-3.94,-3.94,87.84,3.27
Kahului,75,US,1584150119,69,20.89,20.89,77.0,6.93
Atasū,7,KZ,1584150119,80,48.68,48.68,25.14,5.99
Padang,34,ID,1584150119,58,-0.95,-0.95,83.84,2.28
Lucea,20,JM,1584150119,74,18.45,18.45,78.8,2.24
Hervey Bay,40,AU,1584149977,61,-25.3,-25.3,84.0,16.11
Kendal,92,GB,1584150120,86,54.33,54.33,45.0,5.01
Coari,72,BR,1584150120,90,-4.08,-4.08,76.64,0.78
Astoria,40,US,1584149998,80,46.19,46.19,43.0,5.82
Sisimiut,100,GL,1584150120,96,66.94,66.94,-1.05,4.27
Waipawa,0,NZ,1584150120,49,-41.41,-41.41,69.8,13.87
Dryden,90,CA,1584150120,72,49.78,49.78,14.0,8.05
Pontes e Lacerda,91,BR,1584150120,88,-15.23,-15.23,75.22,2.1
Tucdao,3,PH,1584150120,56,11.7,11.7,84.69,5.12
Wajima,90,JP,1584150121,80,37.4,37.4,39.2,9.17
Kumul,71,CN,1584150121,19,42.8,42.8,41.36,1.88
Nushki,2,PK,1584150121,36,29.55,29.55,54.77,1.45
Show Low,20,US,1584150121,100,34.25,34.25,48.2,14.99
Mumford,0,GH,1584150121,93,5.26,5.26,77.83,3.44
Luau,100,AO,1584150121,99,-10.71,-10.71,66.02,2.17
Sitka,75,US,1584150121,44,57.05,57.05,37.4,20.8
Chkalovskoye,100,RU,1584150122,74,44.84,44.84,28.45,9.37
Saurimo,100,AO,1584150122,98,-9.66,-9.66,64.92,2.19
Maţāy,80,EG,1584150122,75,28.42,28.42,57.13,8.52
Ucluelet,20,CA,1584149839,31,48.93,48.93,46.4,6.93
Ranot,2,TH,1584150122,78,7.78,7.78,82.45,12.3
Nebbi,100,UG,1584150122,87,2.48,2.48,65.93,3.91
Tari,6,NG,1584150122,13,12.41,12.41,70.86,11.61
Nautla,0,MX,1584150122,85,20.22,20.22,71.62,1.97
Adré,95,TD,1584150123,24,13.47,13.47,60.46,16.67
Narrabri,0,AU,1584150123,44,-30.32,-30.32,78.8,8.05
Sorong,100,ID,1584150123,85,-0.88,-0.88,82.54,4.07
Whitehorse,75,CA,1584149945,34,60.72,60.72,19.4,4.7
Orcopampa,100,PE,1584150123,96,-15.27,-15.27,37.85,5.7
Xiropótamos,20,GR,1584150123,93,41.2,41.2,55.99,4.7
Leşu,5,RO,1584150123,82,47.32,47.32,28.99,3.27
Anchorage,40,US,1584150022,45,61.22,61.22,28.4,8.05
Tabuk,8,PH,1584150124,63,17.42,17.42,82.94,6.29
Winnemucca,1,US,1584150097,12,40.97,40.97,60.8,10.29
Pinega,100,RU,1584150124,95,64.7,64.7,22.35,1.5
Moyale,94,KE,1584150124,76,3.52,3.52,72.7,5.99
Griffith,1,US,1584150124,44,41.53,41.53,45.0,5.82
Ponnāni,20,IN,1584150124,78,10.77,10.77,75.2,3.36
Ystad,0,SE,1584150124,58,55.43,55.43,32.0,5.82
Whittlesea,10,ZA,1584150125,77,-32.18,-32.18,57.36,3.11
Dubai,100,AE,1584149898,43,25.26,25.26,71.6,4.7
